Metric,Value
Accuracy,0.896141019533111
Precision,0.9587280108254398
Recall,0.8419489007724302
F1,0.8965517241379312
ROC AUC,0.9480715396483956
