Metric,Value
Accuracy,0.6876290296966809
Precision,0.64004004004004
Recall,0.9497920380273321
F1,0.7647410596818562
