Metric,Value
Accuracy,0.6861997776719072
Precision,0.639
Recall,0.9491978609625669
F1,0.763805880946689
