Metric,Value
Accuracy,0.900746387168493
Precision,0.9471451876019575
Recall,0.8624480095068331
F1,0.9028144923029078
ROC AUC,0.9542022975251948
