Metric,Value
Accuracy,0.9615690011116405
Precision,0.9762195121951219
Recall,0.9512774806892454
F1,0.9635871200722239
ROC AUC,0.9898271250851177
