Metric,Value
Accuracy,0.9034460854375099
Precision,0.9405750798722045
Recall,0.8746286393345217
F1,0.9064039408866996
ROC AUC,0.9595944391838183
