Metric,Value
Accuracy,0.9652215340638399
Precision,0.9912581954417733
Recall,0.9432560903149139
F1,0.9666615923275993
ROC AUC,0.997713198778886
