Metric,Value
Accuracy,0.9536287120851199
Precision,0.9888676844783715
Recall,0.9236482471776589
F1,0.9551459293394776
ROC AUC,0.9965772481878207
