Metric,Value
Accuracy,0.9045577259012229
Precision,0.9591497841248755
Recall,0.8579916815210933
F1,0.9057550572369454
ROC AUC,0.9602291605723481
