Metric,Value
Accuracy,0.8869302842623471
Precision,0.8987379807692307
Recall,0.8885918003565062
F1,0.8936360920227069
ROC AUC,0.9516727878459469
