Metric,Value
Accuracy,0.8774019374305224
Precision,0.8923169993950393
Recall,0.8764111705288176
F1,0.8842925659472421
ROC AUC,0.9479461563271547
